stratum,n,lab_S,lab_SDD,lab_I,lab_R,clsi_S,clsi_SDD,clsi_I,clsi_R
All results,2711318,80.5,0.0,2.9,16.7,77.9,1.9,5.8,14.3
Urine,2016848,82.6,0.0,2.9,14.5,79.2,2.4,6.2,12.3
Blood,373463,75.4,0.0,2.3,22.4,74.9,0.8,4.3,19.9
Respiratory,321007,73.2,0.0,3.4,23.4,73.2,0.5,5.6,20.8
E. coli,1321543,85.1,0.0,2.3,12.6,80.8,2.6,4.9,11.7
K. pneumoniae,326406,79.7,0.0,4.1,16.2,75.2,2.5,8.4,14.0
P. aeruginosa,119893,80.6,0.0,6.7,12.6,79.0,0.0,8.6,12.4
S. aureus,226231,77.8,0.0,0.7,21.5,81.3,0.0,1.7,17.0
"PTZ, selected Enterobacterales",119909,93.9,0.0,2.6,3.6,67.7,26.2,0.0,6.1
